{
  "tlas": [
    {"child":0,"min":[3.40282e+38,3.40282e+38,3.40282e+38],"max":[-3.40282e+38,-3.40282e+38,-3.40282e+38]},
    {"child":0,"min":[3.40282e+38,3.40282e+38,3.40282e+38],"max":[-3.40282e+38,-3.40282e+38,-3.40282e+38]}
  ],
  "blas": [
    {"index":0,"min":[3.40282e+38,3.40282e+38,3.40282e+38],"max":[-3.40282e+38,-3.40282e+38,-3.40282e+38],"leftFirst":0,"count":0}
  ],
  "primitives": [
  ]
}
